{
  "accuracy": 0.8164840637450199,
  "precision_macro": 0.7085626092219652,
  "recall_macro": 0.6254067625334946,
  "f1_macro": 0.6567519048165014,
  "confusion_matrix": [
    [
      70,
      0,
      0,
      0,
      266
    ],
    [
      0,
      826,
      0,
      78,
      1
    ],
    [
      14,
      14,
      156,
      6,
      45
    ],
    [
      2,
      136,
      5,
      111,
      17
    ],
    [
      153,
      0,
      0,
      0,
      2116
    ]
  ],
  "classification_report": {
    "Foggy": {
      "precision": 0.2928870292887029,
      "recall": 0.20833333333333334,
      "f1-score": 0.24347826086956523,
      "support": 336.0
    },
    "Rainy": {
      "precision": 0.8463114754098361,
      "recall": 0.912707182320442,
      "f1-score": 0.8782562466772993,
      "support": 905.0
    },
    "Snowy": {
      "precision": 0.968944099378882,
      "recall": 0.6638297872340425,
      "f1-score": 0.7878787878787878,
      "support": 235.0
    },
    "Stormy": {
      "precision": 0.5692307692307692,
      "recall": 0.4095940959409594,
      "f1-score": 0.47639484978540775,
      "support": 271.0
    },
    "Sunny": {
      "precision": 0.865439672801636,
      "recall": 0.9325694138386955,
      "f1-score": 0.8977513788714467,
      "support": 2269.0
    },
    "accuracy": 0.8164840637450199,
    "macro avg": {
      "precision": 0.7085626092219652,
      "recall": 0.6254067625334946,
      "f1-score": 0.6567519048165014,
      "support": 4016.0
    },
    "weighted avg": {
      "precision": 0.7992948073927773,
      "recall": 0.8164840637450199,
      "f1-score": 0.8037557263440746,
      "support": 4016.0
    }
  }
}