{
  "MAE": 3.4392292000857956,
  "RMSE": 4.431217270226271,
  "R2": 0.9356589925491391
}